Stadium,Team,Lat,Long,Azimuth_deg,Forecast_Time_Local,Timezone,Wind_Speed_10m_ms,Wind_Direction_From_deg,Wind_Component_Azimuth_ms,Wind_Component_NorthSouth_ms,Wind_Component_EastWest_ms
Varsity Field,Albany,42.678326,-73.823569,153.0,2026-01-17T12:00,America/New_York,4.44,157.0,-4.42918438315362,4.087041549328835,-1.734846210492376
Binghamton Baseball Stadium Complex,Binghamton,42.094446,-75.974086,30.4,2026-01-17T12:00,America/New_York,3.67,209.0,3.668904467496942,3.209854325201582,1.779251306304057
Conaty Park,Bryant,41.925751,-71.540025,29.11,2026-01-17T12:00,America/New_York,4.92,193.0,4.7267952358145395,4.793900718743357,1.106759187371816
Mahaney Diamond,Maine,44.905148,-68.670092,307.97,2026-01-17T12:00,America/New_York,2.75,199.0,0.8939508530785548,2.6001760828981215,0.8953124247571809
Yogi Berra Stadium,NJIT,40.869285,-74.195209,358.1,2026-01-17T12:00,America/New_York,3.69,193.0,3.5659277326957053,3.595425539057518,0.8300693905288619
Edward A. LeLacheur Park,UMass Lowell,42.65384,-71.317609,30.66,2026-01-17T12:00,America/New_York,2.25,201.0,2.218096927454563,2.100555959618704,0.8063278864769257
The Baseball Factory Field at UMBC,UMBC,39.249481,-76.708378,180.5,2026-01-17T12:00,America/New_York,5.3,216.0,-4.314812247288492,4.287790070187222,3.1152618371501077
Robert and Mariam Hayes Stadium,Charlotte,35.3080937,-80.7389536,139.58,2026-01-17T12:00,America/New_York,5.16,224.0,-0.5017351486395822,3.7117933697474403,3.584437191568426
Clarke LeClair Stadium,East Carolina,35.5933957,-77.3670293,301.45,2026-01-17T12:00,America/New_York,6.56,218.0,-0.7483006797071,5.169350543660095,4.038739278136318
FAU Baseball Stadium,Florida Atlantic,26.3586885,-80.0830984,179.52,2026-01-17T12:00,America/New_York,2.16,146.0,-1.8007771152557681,1.7907211567188905,-1.2078566714968126
FedExPark,Memphis,35.1460249,-89.0517638,44.72,2026-01-17T12:00,America/Chicago,6.4,284.0,3.269395403941502,-1.548300131837874,6.209892648166377
Reckling Park,Rice,29.7135453,-95.4040634,167.65,2026-01-17T12:00,America/Chicago,5.87,14.0,5.260103692376966,-5.6956359132401,-1.4200815271700482
USF Baseball Stadium,South Florida,27.9449854,-82.4583107,42.38,2026-01-17T12:00,America/New_York,3.36,157.0,1.39976978456548,3.092896307600199,-1.3128565917239603
Greer Field at Turchin Stadium,Tulane,29.9561422,-90.0733934,341.16,2026-01-17T12:00,America/Chicago,5.5,358.0,-5.264146150975395,-5.496649548605027,0.19194723186375628
Jerry D. Young Memorial Field,UAB,33.5206824,-86.8024326,301.68,2026-01-17T12:00,America/Chicago,4.81,258.0,-3.478631756166794,1.000055232833423,4.704889959529605
Roadrunner Field,UTSA,29.58,-98.737192,12.59,2026-01-17T12:00,America/Chicago,6.38,35.0,-5.898179275098446,-5.2261900425637675,-3.6594176639196743
Eck Stadium,Wichita State,37.7214559,-97.28874,45.58,2026-01-17T12:00,America/Chicago,9.27,336.0,-3.234295576710749,-8.468566392346908,3.77044868131267
Raymond C. Hand Park,Austin Peay,36.53818,-87.356316,333.86,2026-01-17T12:00,America/Chicago,6.42,252.0,-0.9090229797346897,1.9838891038871627,6.105782834614885
Knights Field,Bellarmine,38.216903,-85.70556,149.7,2026-01-17T12:00,America/Kentucky/Louisville,3.91,267.0,1.7933197580336713,0.20463358890991093,3.9046414808903838
Bear Stadium,Central Arkansas,35.083403,-92.459763,47.34,2026-01-17T12:00,America/Chicago,5.55,296.0,2.0196537971904265,-2.43295986467938,4.988306956960376
Turkey Hughes Field,Eastern Kentucky,37.736291,-84.299795,65.74,2026-01-17T12:00,America/New_York,5.35,253.0,5.307108561520855,1.5641886202666415,5.116230444402239
Swanson Stadium,Florida Gulf Coast,26.471068,-81.763258,359.6,2026-01-17T12:00,America/New_York,1.91,137.0,1.4059454363986925,1.396885570092616,-1.3026168677193717
John Sessions Stadium,Jacksonville,30.351395,-81.607159,100.7,2026-01-17T12:00,America/New_York,4.53,174.0,-1.3017431549191953,4.505184186018278,-0.47351393860247
Ken Dugan Field at Stephen Lee Marsh Stadium,Lipscomb,36.102431,-86.798816,141.2,2026-01-17T12:00,America/Chicago,5.71,259.0,2.6630677163407794,1.0895193636000715,5.605091217486161
Mike D. Lane Field at Bank Independent Stadium,North Alabama,34.809878,-87.685313,17.0,2026-01-17T12:00,America/Chicago,5.69,280.0,0.6934365639752896,-0.9880581309248335,5.603556114639464
Harmon Stadium,North Florida,30.275193,-81.508239,45.7,2026-01-17T12:00,America/New_York,4.57,170.0,2.5753140436447013,4.500571431265791,-0.7935721719378719
Tuckaseegee Dream Fields,Queens,35.245233,-80.955049,338.8,2026-01-17T12:00,America/New_York,4.67,223.0,2.0325292340687677,3.415421786561526,3.184932341491868
Melching Field at Conrad Park,Stetson,29.019734,-81.30184,121.0,2026-01-17T12:00,America/New_York,1.75,246.0,1.0037587636143306,0.7117891253826504,1.5987045508745514
Cole Field,West Georgia,33.574749,-85.103254,1.45,2026-01-17T12:00,America/New_York,4.85,248.0,1.9300508618419099,1.816841978067173,4.496841694648919
Eddie Pellagrini Diamond,Boston College,42.343859,-71.159615,133.0,2026-01-17T12:00,America/New_York,4.41,193.0,-2.204999999999999,4.296971985702887,0.9920341496564447
Evans Diamond,California,37.869243,-122.263589,216.0,2026-01-17T12:00,America/Los_Angeles,3.6,88.0,2.216381311172369,-0.12563818812900274,-3.597806977268745
Doug Kingsmore Stadium,Clemson,34.678497,-82.849346,190.8,2026-01-17T12:00,America/New_York,4.47,230.0,-3.464001864507683,2.8732606152988307,3.4242186607418317
Jack Coombs Field,Duke,35.998255,-78.944238,339.0,2026-01-17T12:00,America/New_York,6.49,214.0,3.722511071918286,5.380453845882221,3.6291619435251476
Mike Martin Field at Dick Howser Stadium,Florida State,30.440902,-84.303625,45.2,2026-01-17T12:00,America/New_York,5.32,175.0,3.4053836012599628,5.299755793848086,-0.46366855141754226
Russ Chandler Stadium,Georgia Tech,33.777756,-84.3943,54.9,2026-01-17T12:00,America/New_York,4.33,236.0,4.32920203348672,2.4213052720283335,3.589732689163331
Jim Patterson Stadium,Louisville,38.205798,-85.762068,58.8,2026-01-17T12:00,America/Kentucky/Louisville,3.71,265.0,3.3288285514917586,0.3233478055938117,3.695882329920376
Alex Rodriguez Park at Mark Light Field,Miami (FL),25.71214,-80.282245,21.7,2026-01-17T12:00,America/New_York,0.54,68.0,-0.37307650198150366,-0.20228756044459265,-0.5006792814660652
Boshamer Stadium,North Carolina,35.905585,-79.043216,195.0,2026-01-17T12:00,America/New_York,6.82,219.0,-6.230380021122539,5.300135457136542,4.291965066959891
Doak Field,North Carolina State,35.787026,-78.679543,159.0,2026-01-17T12:00,America/New_York,7.77,212.0,-4.676102729891415,6.589333707135429,4.117472683092002
Frank Eck Stadium,Notre Dame,41.696514,-86.227718,44.2,2026-01-17T12:00,America/Indiana/Indianapolis,7.38,243.0,6.986271539653838,3.3504498880778555,6.575628148510154
Charles L. Cost Field,Pittsburgh,40.445457,-79.966191,6.1,2026-01-17T12:00,America/New_York,4.61,221.0,3.7809001477780897,3.479211164826979,3.0244321236462386
Klein Field at Sunken Diamond,Stanford,37.431447,-122.158791,183.0,2026-01-17T12:00,America/Los_Angeles,1.55,75.0,0.47897634128116795,-0.401169519908907,-1.4971850307480559
Davenport Field at Disharoon Park,Virginia,38.045782,-78.513308,88.0,2026-01-17T12:00,America/New_York,4.85,212.0,2.712085581833122,4.1130332663586655,2.5701084315310436
English Field,Virginia Tech,37.217751,-80.42327,130.0,2026-01-17T12:00,America/New_York,7.53,251.0,3.878236704072707,2.4515282030623906,7.119754874262855
David F. Couch Ballpark,Wake Forest,36.129991,-80.251766,43.3,2026-01-17T12:00,America/New_York,5.28,233.0,5.2045143167891466,3.1775833222428154,4.216795493049706
T. Henry Wilson Jr. Field,Davidson,35.504399,-80.840907,19.5,2026-01-17T12:00,America/New_York,5.84,218.0,5.538210146404204,4.601982801063256,3.5954630159018444
Woerner Field,Dayton,39.734712,-84.203014,46.0,2026-01-17T12:00,America/New_York,7.15,252.0,6.426377431039045,2.2094715097808746,6.800054091510348
Jim Houlihan Park at Jack Coffey Field,Fordham,40.861517,-73.882593,12.8,2026-01-17T12:00,America/New_York,3.2,166.0,2.856274619046802,3.1049463240831887,-0.7741500659189372
Spuhler Field,George Mason,38.834601,-77.317967,159.5,2026-01-17T12:00,America/New_York,5.59,223.0,-2.4942457752838307,4.088267192051163,3.8123708327493664
Barcroft Park,George Washington,38.850609,-77.103599,181.2,2026-01-17T12:00,America/New_York,5.58,216.0,-4.582012586966068,4.514314828612207,3.2798417077920003
Hank DeVincent Field,La Salle[e],40.036766,-75.152591,57.1,2026-01-17T12:00,America/New_York,3.96,196.0,2.984111033514486,3.8065963159157428,1.0915239290353167
Bill Beck Field,Rhode Island,41.485516,-71.538068,322.41,2026-01-17T12:00,America/New_York,6.17,200.0,3.3069605045116006,5.797903470249055,2.110264284319376
Malcolm U. Pitt Field,Richmond,37.579498,-77.540876,21.8,2026-01-17T12:00,America/New_York,4.2,218.0,4.033233479843161,3.309645165148232,2.585778196367765
Fred Handler Park,St. Bonaventure,42.0787,-78.48636,176.7,2026-01-17T12:00,America/New_York,5.09,225.0,-3.386022505190697,3.599173516239527,3.599173516239527
Smithson Field,Saint Joseph's,39.995822,-75.245439,13.6,2026-01-17T12:00,America/New_York,4.3,198.0,4.287326834575757,4.08954302006916,1.3287730758122738
Billiken Sports Center,Saint Louis,38.633984,-90.228727,149.6,2026-01-17T12:00,America/Chicago,6.76,278.0,4.1989589946813775,-0.9408101624900418,6.694212144693015
The Diamond,VCU,37.571657,-77.463054,104.0,2026-01-17T12:00,America/New_York,3.41,212.0,1.0537479508185705,2.8918440078934124,1.8070246910352288
Bulldog Park,Butler,39.845957,-86.168106,316.0,2026-01-17T12:00,America/Indiana/Indianapolis,7.4,254.0,-3.474089564615595,2.0397164330457938,7.11333654994356
Charles Schwab Field Omaha,Creighton,41.266742,-95.931398,134.2,2026-01-17T12:00,America/Chicago,8.1,331.0,7.7542879300097445,-7.084419627829106,3.9269579239953307
Capital One Park,Georgetown,38.926982,-77.207459,359.1,2026-01-17T12:00,America/New_York,5.67,221.0,4.2202464671306466,4.279203319863117,3.7198546943761763
"Mike Sheppard, Sr. Stadium at Owen T. Carroll Field",Seton Hall,40.740666,-74.248067,221.7,2026-01-17T12:00,America/New_York,2.65,191.0,-2.2786085197317147,2.6013120361363096,0.5056438377478437
Jack Kaiser Stadium,St. John's,40.723726,-73.791391,62.4,2026-01-17T12:00,America/New_York,2.3,182.0,1.1360662931437313,2.29859890214392,0.08026884241575222
Elliot Ballpark,UConn,41.800907,-72.256778,355.0,2026-01-17T12:00,America/New_York,3.5,182.0,3.473911530744627,3.497867894566835,0.12214823845875339
Villanova Ballpark at Plymouth,Villanova,40.123791,-75.289393,356.0,2026-01-17T12:00,America/New_York,3.05,212.0,2.4675018328435887,2.586546693277099,1.6162537559112748
J. Page Hayden Field,Xavier,39.149587,-84.476651,170.0,2026-01-17T12:00,America/New_York,6.4,260.0,-7.105427357601002e-16,1.1113483370683548,6.3027696192781315
CSU Ballpark,Charleston Southern,32.983875,-80.067011,356.0,2026-01-17T12:00,America/New_York,4.18,201.0,3.788366549813196,3.902366182758303,1.497978029099355
John Henry Moss Stadium,Gardner-Webb,35.243803,-81.669322,322.0,2026-01-17T12:00,America/New_York,5.78,217.0,1.4959740806925705,4.616113248073352,3.478490833818839
George S. Erath Field at Coy O. Williard Baseball Stadium,High Point,35.975036,-79.995755,200.3,2026-01-17T12:00,America/New_York,6.65,226.0,-5.992162191791909,4.619478163552332,4.78360967225203
Bolding Stadium,Longwood,37.29364,-78.396089,128.2,2026-01-17T12:00,America/New_York,6.16,222.0,0.4082472264640026,4.577772124940749,4.121844535170567
Presbyterian Baseball Complex,Presbyterian,34.461076,-81.864037,165.0,2026-01-17T12:00,America/New_York,5.26,231.0,-2.139434742578708,3.3102252569221453,4.0877877572636665
Carter Memorial Stadium,Radford,37.137621,-80.539365,349.0,2026-01-17T12:00,America/New_York,7.39,247.0,1.5364673951432422,2.8875030395357326,6.802530867013534
Greenwood Baseball Field,UNC Asheville,35.616588,-82.570825,197.6,2026-01-17T12:00,America/New_York,3.63,262.0,-1.5684712681511954,0.5051983564850376,3.5946730895319003
Cleveland S. Harley Baseball Park,USC Upstate,35.004699,-81.970001,15.8,2026-01-17T12:00,America/New_York,5.06,232.0,4.083219179447638,3.115247065147831,3.987334413250013
Winthrop Ballpark,Winthrop,34.945992,-81.019566,282.0,2026-01-17T12:00,America/New_York,5.31,223.0,-2.7348521777723875,3.883488155597795,3.621411291931867
Illinois Field,Illinois,40.097241,-88.229298,43.2,2026-01-17T12:00,America/Chicago,7.01,267.0,5.059539198969519,0.3668750532630372,7.0003930386295625
Bart Kaufman Field,Indiana,39.18507,-86.522061,45.0,2026-01-17T12:00,America/Indiana/Indianapolis,5.81,267.0,4.3176714360236605,0.30407190577150445,5.802037596924073
Duane Banks Field,Iowa,41.661609,-91.554489,25.8,2026-01-17T12:00,America/Chicago,6.96,302.0,-0.7516755157139177,-3.6882380790631055,5.902414749248726
Shipley Field,Maryland,38.989668,-76.94434,13.7,2026-01-17T12:00,America/New_York,5.3,216.0,4.903611507444645,4.287790070187222,3.1152618371501077
Ray Fisher Stadium,Michigan,42.267346,-83.742719,225.0,2026-01-17T12:00,America/Detroit,6.62,245.0,-6.220765149602713,2.79773289272343,5.999757550182623
Drayton McLane Baseball Stadium at John H. Kobs Field,Michigan State,42.732567,-84.488297,15.0,2026-01-17T12:00,America/Detroit,6.89,230.0,5.643957585151154,4.428806630740256,5.278046213089758
Siebert Field,Minnesota,44.982096,-93.229062,134.8,2026-01-17T12:00,America/Chicago,6.8,327.0,6.646428081145452,-5.702959862028883,3.7035454381021857
Haymarket Park,Nebraska,40.822921,-96.713075,110.1,2026-01-17T12:00,America/Chicago,7.96,335.0,5.63838510828725,-7.214209984811734,3.364041363455968
Rocky Miller Park,Northwestern,42.067978,-87.692431,117.1,2026-01-17T12:00,America/Chicago,6.66,242.0,3.8104915171471383,3.1266806081540333,5.880430968440453
Bill Davis Stadium,Ohio State,40.010029,-83.025816,35.2,2026-01-17T12:00,America/New_York,6.56,249.0,5.451258118439593,2.35089374901717,6.124287597821643
PK Park,Oregon,44.058931,-123.065244,129.6,2026-01-17T12:00,America/Los_Angeles,2.12,315.0,2.11059136495853,-1.4990663761154808,1.499066376115481
Medlar Field at Lubrano Park,Penn State,40.81223,-77.851512,89.3,2026-01-17T12:00,America/New_York,3.09,209.0,1.5309672854561391,2.702574895060733,1.4980617265611815
Alexander Field,Purdue,40.437844,-86.941018,44.5,2026-01-17T12:00,America/Indiana/Indianapolis,7.94,251.0,7.105778831120079,2.585011146389825,7.507417490258575
Bainton Field,Rutgers,40.527105,-74.443261,160.7,2026-01-17T12:00,America/New_York,1.88,205.0,-1.3455023393630232,1.7038586396289017,0.7945223320725149
Jackie Robinson Stadium,UCLA,34.059551,-118.459278,9.2,2026-01-17T12:00,America/Los_Angeles,1.32,189.0,1.3199919581082833,1.303748609585582,0.20649349385310475
Dedeaux Field,USC,34.024068,-118.289916,314.6,2026-01-17T12:00,America/Los_Angeles,0.14,315.0,-0.13999658829875528,-0.09899494936611665,0.09899494936611666
Husky Ballpark,Washington,47.654419,-122.298411,137.2,2026-01-17T12:00,America/Los_Angeles,1.96,15.0,1.0444375010986302,-1.8932146195265738,-0.5072853284009408
Phoenix Municipal Stadium,Arizona State,33.449353,-111.954459,59.3,2026-01-17T12:00,America/Phoenix,0.54,112.0,-0.32723373614348394,0.20228756044459248,-0.5006792814660652
Hi Corbett Field,Arizona,32.212664,-110.920002,226.0,2026-01-17T12:00,America/Phoenix,0.94,238.0,-0.9194587446897773,0.49812410837921256,0.7971652103870405
Baylor Ballpark,Baylor,31.551434,-97.107656,345.0,2026-01-17T12:00,America/Chicago,6.49,10.0,-5.881937537867858,-6.391402317049231,-1.1269766730583788
Larry H. Miller Field,BYU,40.254729,-111.651232,112.2,2026-01-17T12:00,America/Denver,0.71,262.0,0.6136351093871304,0.09881290168164647,0.7030903288065149
UC Baseball Stadium,Cincinnati,39.130348,-84.513917,319.6,2026-01-17T12:00,America/New_York,6.2,260.0,-3.1374093375512144,1.0766187015349686,6.10580806867569
Schroeder Park,Houston,29.726893,-95.345015,70.3,2026-01-17T12:00,America/Chicago,5.87,14.0,-3.256936789119755,-5.6956359132401,-1.4200815271700482
Hoglund Ballpark,Kansas,38.952595,-95.252442,135.6,2026-01-17T12:00,America/Chicago,7.26,322.0,7.214755093105929,-5.720958071184801,4.46970231086428
Tointon Family Stadium,Kansas State,39.199345,-96.596894,44.2,2026-01-17T12:00,America/Chicago,8.72,333.0,-2.8101568624100564,-7.7695768909225675,3.9587971577288488
O'Brate Stadium,Oklahoma State,36.131651,-97.067938,44.8,2026-01-17T12:00,America/Chicago,8.0,318.0,-0.4465720399453095,-5.945158603819153,5.353044850870867
Lupton Stadium,TCU,32.702575,-97.372058,150.6,2026-01-17T12:00,America/Chicago,3.41,328.0,3.406489642986337,-2.8918440078934124,1.8070246910352288
Dan Law Field at Rip Griffin Park,Texas Tech,33.58841,-101.876635,134.3,2026-01-17T12:00,America/Chicago,0.81,353.0,0.6321486299440473,-0.8039623828294709,0.09871416815816952
John Euliano Park,UCF,28.609962,-81.195166,54.2,2026-01-17T12:00,America/New_York,2.06,104.0,-1.3296428367113389,0.49835910493531493,-1.998809196128553
Smith's Ballpark,Utah,40.740458,-111.892512,135.0,2026-01-17T12:00,America/Denver,1.56,310.0,1.5540637290231232,-1.0027486711110014,1.1950293312656057
Kendrick Family Ballpark,West Virginia,39.643656,-79.995987,154.0,2026-01-17T12:00,America/New_York,4.72,212.0,-2.501218927180728,4.00278701385833,2.501218927180727
Hardt Field,Bakersfield,35.347558,-119.10742,45.0,2026-01-17T12:00,America/Los_Angeles,1.36,343.0,-0.6384813253888117,-1.3005744681097284,0.3976255184229218
Robin Baggett Stadium,Cal Poly,35.306638,-120.664784,143.0,2026-01-17T12:00,America/Los_Angeles,2.27,41.0,0.4719595381563147,-1.7131907471056926,-1.489253995808451
Goodwin Field,Cal State Fullerton,33.88728,-117.885264,19.4,2026-01-17T12:00,America/Los_Angeles,1.72,306.0,-0.4913839919365543,-1.0109906339430537,1.3915092303249097
Matador Field,Cal State Northridge,34.244661,-118.526184,134.4,2026-01-17T12:00,America/Los_Angeles,4.21,72.0,-1.950476307854617,-1.3009615463185291,-4.003947933602596
Les Murakami Stadium,Hawaii,21.292817,-157.815709,138.0,2026-01-17T12:00,Pacific/Honolulu,5.23,64.0,-1.4415833709229047,-2.292681097706877,-4.700692862144643
Blair Field,Long Beach State,33.777643,-118.138011,130.0,2026-01-17T12:00,America/Los_Angeles,0.85,69.0,-0.41208817720938606,-0.3046127571135056,-0.7935433625226214
Dobbins Stadium,UC Davis,38.541343,-121.758072,217.0,2026-01-17T12:00,America/Los_Angeles,0.81,150.0,-0.3164922140763113,0.7014805770653951,-0.40500000000000036
Cicerone Field at Anteater Ballpark,UC Irvine,33.651391,-117.847355,67.0,2026-01-17T12:00,America/Los_Angeles,1.12,207.0,0.8579697762932554,0.9979273070909721,0.5084693597082924
Riverside Sports Complex,UC Riverside,33.98231,-117.333586,44.2,2026-01-17T12:00,America/Los_Angeles,1.27,315.0,-0.017731969030714407,-0.8980256121069153,0.8980256121069154
Triton Ballpark,UC San Diego,32.881756,-117.226057,17.7,2026-01-17T12:00,America/Los_Angeles,1.91,264.0,0.7677202534128837,0.1996493648412181,1.899536820153402
Caesar Uyesaka Stadium,UC Santa Barbara,34.419332,-119.852238,19.5,2026-01-17T12:00,America/Los_Angeles,1.68,253.0,0.9993022817422534,0.49118446393419773,1.6065919900178995
Jim Perry Stadium,Campbell,35.409909,-78.735076,140.5,2026-01-17T12:00,America/New_York,6.53,205.0,-2.811237462158168,5.918189849349324,2.7596972491667673
CofC Baseball Stadium at Patriots Point,Charleston,32.795877,-79.90172,33.4,2026-01-17T12:00,America/New_York,5.69,204.0,5.613595599543656,5.198073653986399,2.3143314991013035
Walter C. Latham Park,Elon,36.107976,-79.508113,225.0,2026-01-17T12:00,America/New_York,7.28,226.0,-7.278891220738529,5.0571129369415,5.236793746465381
University Field,Hofstra,40.720987,-73.598503,357.0,2026-01-17T12:00,America/New_York,3.53,205.0,3.116805002792011,3.199266488239374,1.491842463944669
Monmouth Baseball Field,Monmouth,40.277439,-74.009409,310.0,2026-01-17T12:00,America/New_York,3.77,212.0,0.5246825906194464,3.197141322509726,1.9977956261591825
World War Memorial Stadium,North Carolina A&T,36.079733,-79.777165,76.0,2026-01-17T12:00,America/New_York,6.44,228.0,5.68618249801149,4.309201104951048,4.785852676074419
Parsons Field,Northeastern,42.337349,-71.114277,325.0,2026-01-17T12:00,America/New_York,4.41,193.0,2.9508659740425633,4.296971985702887,0.9920341496564447
Joe Nathan Field,Stony Brook,40.923595,-73.122148,67.0,2026-01-17T12:00,America/New_York,4.54,194.0,2.732240205110299,4.405142597293024,1.0983254060224914
John B. Schuerholz Baseball Complex,Towson,39.394964,-76.613998,302.0,2026-01-17T12:00,America/New_York,4.9,219.0,-0.5971597826852238,3.808015211139158,3.0836699161442036
Brooks Field,UNC Wilmington,34.221517,-77.873361,193.0,2026-01-17T12:00,America/New_York,6.08,225.0,-5.15613242463107,4.29920922961421,4.29920922961421
Plumeri Park,William & Mary,37.290052,-76.7325,36.0,2026-01-17T12:00,America/New_York,7.29,213.0,7.280009308360844,6.113908440322142,3.9704185652595476
Horner Ballpark,Dallas Baptist,32.711854,-96.945344,20.0,2026-01-17T12:00,America/Chicago,4.98,338.0,-3.700861230877423,-4.617375595742601,1.865540835211243
Bob Hannah Stadium,Delaware,39.663654,-75.747447,39.0,2026-01-17T12:00,America/New_York,5.38,222.0,5.372626896979607,3.998119161068381,3.5999226622106573
FIU Baseball Stadium,FIU,25.754772,-80.38059,44.6,2026-01-17T12:00,America/New_York,1.08,124.0,-0.19866745866173754,0.6039283357484068,-0.895360578359445
Rudy Abbott Field,Jacksonville State,33.824825,-85.776183,133.0,2026-01-17T12:00,America/Chicago,4.84,252.0,2.3464785619922717,1.4956422527747457,4.603113538868543
Fred Stillwell Stadium,Kennesaw State,34.033991,-84.581646,22.0,2026-01-17T12:00,America/New_York,4.49,253.0,2.8256485558137707,1.312748954205088,4.293808354274029
Liberty Baseball Stadium,Liberty,37.356744,-79.176904,27.0,2026-01-17T12:00,America/New_York,5.14,233.0,4.619801397977718,3.0933292190015287,4.1049865216430845
J. C. Love Field at Pat Patterson Park,Louisiana Tech,32.529786,-92.651126,151.0,2026-01-17T12:00,America/Chicago,5.81,333.0,5.806460704980945,-5.176747905534416,2.637684803486767
Reese Smith Jr. Field,Middle Tennessee,35.851432,-86.366791,319.0,2026-01-17T12:00,America/Chicago,4.6,270.0,-3.0178715333563337,2.816687638038912e-16,4.6
Hammons Field,Missouri State,37.211677,-93.279315,43.3,2026-01-17T12:00,America/Chicago,7.07,303.0,1.2641316608725908,-3.850597977556242,5.929400915374148
Presley Askew Field,New Mexico State,32.279221,-106.744043,32.0,2026-01-17T12:00,America/Denver,3.86,343.0,-2.532387851903359,-3.6913363580173173,1.1285547802297633
Don Sanders Stadium,Sam Houston,30.713624,-95.539686,40.6,2026-01-17T12:00,America/Chicago,7.1,1.0,-5.470644023708105,-7.098918635610378,-0.12391208570471382
Nick Denes Field,Western Kentucky,36.982887,-86.46094,169.0,2026-01-17T12:00,America/Chicago,4.05,250.0,-0.6335595834129347,1.3851815804689587,3.8057551141829284
Franklin Field,Milwaukee,42.917976,-88.014113,40.5,2026-01-17T12:00,America/Chicago,5.69,246.0,5.1357102679507065,2.3143314991013035,5.198073653986399
Bill Aker Baseball Complex,Northern Kentucky,39.02854,-84.464707,136.0,2026-01-17T12:00,America/New_York,6.87,262.0,4.03808468324929,0.9561192035956497,6.803141632254588
Oakland Baseball Field,Oakland,42.673803,-83.210711,44.5,2026-01-17T12:00,America/Detroit,6.93,243.0,6.571882930578961,3.1461541631950594,6.174675212625388
Nischwitz Stadium,Wright State,39.784706,-84.046551,134.0,2026-01-17T12:00,America/New_York,7.65,253.0,3.7087935948844772,2.2366435411289363,7.315731383117221
Eastwood Field,Youngstown State,41.219017,-80.754922,12.0,2026-01-17T12:00,America/New_York,4.79,206.0,4.6477165288620235,4.30522348177301,2.0997977931196807
Goss Stadium at Coleman Field,Oregon State,44.562736,-123.276945,134.0,2026-01-17T12:00,America/Los_Angeles,0.5,360.0,0.34732918522949874,-0.5,6.123233995736766e-17
Murray Stadium,Brown,41.830841,-71.393447,99.0,2026-01-17T12:00,America/New_York,5.32,192.0,0.27842728721246146,5.203745235903846,1.1060901951504798
Robertson Field at Satow Stadium,Columbia,40.874011,-73.915073,10.6,2026-01-17T12:00,America/New_York,3.42,159.0,2.9129061147692217,3.192845058620429,-1.2256183874449287
Booth Field,Cornell,42.43636,-76.453088,36.5,2026-01-17T12:00,America/New_York,2.91,176.0,2.2127813598960895,2.9029113862560885,-0.2029913385954056
Red Rolfe Field at Biondi Park,Dartmouth,43.701773,-72.282521,127.0,2026-01-17T12:00,America/New_York,3.26,169.0,-2.422652131056305,3.200104618039384,-0.6220373249275356
Joseph J. O'Donnell Field,Harvard,42.367294,-71.128545,17.0,2026-01-17T12:00,America/New_York,3.93,195.0,3.9276059501850464,3.7960884973160387,1.0171588472529065
Meiklejohn Stadium,Penn,39.94353,-75.19376,156.0,2026-01-17T12:00,America/New_York,3.68,202.0,-2.55634280328911,3.4120365848057777,1.3785522637705563
Bill Clarke Field,Princeton,40.346311,-74.648085,178.0,2026-01-17T12:00,America/New_York,3.91,212.0,-3.241536908690213,3.3158680559716256,2.071984323151831
Bush Field,Yale,41.308954,-72.959074,150.0,2026-01-17T12:00,America/New_York,3.93,187.0,-3.1386375544858613,3.9007063759503957,0.4789465195822296
Demske Sports Complex,Canisius,42.921417,-78.855883,47.0,2026-01-17T12:00,America/New_York,4.6,222.0,4.582495611222029,3.4184661971960133,3.0780007892507477
Alumni Baseball Diamond,Fairfield,41.163979,-73.258588,343.0,2026-01-17T12:00,America/New_York,3.1,201.0,2.442833336180837,2.8940993221413254,1.1109406435904308
City Park,Iona,40.930097,-73.770787,193.0,2026-01-17T12:00,America/New_York,3.1,182.0,-3.0430442686877583,3.098111563759197,0.10818843977775301
Van Cortlandt Park,Manhattan,40.888183,-73.89614,156.0,2026-01-17T12:00,America/New_York,3.42,159.0,-3.4153130088606423,3.192845058620429,-1.2256183874449287
James J. McCann Baseball Field,Marist,41.717665,-73.933784,166.0,2026-01-17T12:00,America/New_York,2.94,170.0,-2.9328383077638835,2.8953347938558913,-0.5105256423407754
Warrior Baseball Diamond/Greater Lawrence Technical High School Field,Merrimack,42.665471,-71.121195,129.0,2026-01-17T12:00,America/New_York,3.54,188.0,-1.8232347851815913,3.5055489633451593,0.49267277739863163
Straw Family Stadium,Mount St. Mary's,39.678703,-77.344497,63.0,2026-01-17T12:00,America/New_York,3.96,196.0,2.700713505847494,3.8065963159157428,1.0915239290353167
Bobo Field,Niagara,43.136641,-79.029859,163.0,2026-01-17T12:00,America/New_York,6.24,212.0,-4.093808340900767,5.291820120016098,3.3066962088151985
Quinnipiac Baseball Field,Quinnipiac,41.42065,-72.891182,11.2,2026-01-17T12:00,America/New_York,3.91,183.0,3.8700250628494546,3.9046414808903838,0.2046335889099104
Sonny Pittaro Field,Rider,40.282796,-74.746422,3.2,2026-01-17T12:00,America/New_York,3.91,212.0,3.4263591189715066,3.3158680559716256,2.071984323151831
Veterans Memorial Park,Sacred Heart,41.219083,-73.23161,203.4,2026-01-17T12:00,America/New_York,3.74,196.0,-3.7088501473127584,3.595118742809313,1.0308837107555768
Connors Park,Siena,42.718478,-73.750172,221.0,2026-01-17T12:00,America/New_York,4.49,168.0,-2.702149453952696,4.391882727294787,-0.9335234917717419
Joseph J. Jaroschak Field,Saint Peter's,40.726787,-74.094156,32.3,2026-01-17T12:00,America/New_York,3.16,169.0,2.2997619141967856,3.1019418996946184,-0.6029564253898811
Skeeles Field,Akron,41.073154,-81.512068,225.6,2026-01-17T12:00,America/New_York,6.71,200.0,-6.0512962521783145,6.305337485473445,2.294955161715237
Ball Diamond,Ball State,40.21809,-85.421,42.6,2026-01-17T12:00,America/Indiana/Indianapolis,6.05,248.0,5.46517852182297,2.2663698901662674,5.609462320129063
Steller Field,Bowling Green,41.38103,-83.628145,44.2,2026-01-17T12:00,America/New_York,8.54,256.0,7.258083598107817,2.0660129884211615,8.286325502397009
Bill Theunissen Stadium,Central Michigan,43.575804,-84.779128,159.0,2026-01-17T12:00,America/Detroit,7.7,232.0,-2.2512621263650736,4.740593360007569,6.06768280277176
Oestrike Stadium,Eastern Michigan,42.257894,-83.64803,45.1,2026-01-17T12:00,America/Detroit,7.62,247.0,7.070112254709771,2.9773711990882656,7.014246983307595
Olga Mural Field at Schoonover Stadium,Kent State,41.136119,-81.34227,45.0,2026-01-17T12:00,America/New_York,6.99,204.0,6.525727181215442,6.385682748921781,2.8430891350998437
Earl Lorden Field,Massachusetts,42.390552,-72.535145,28.0,2026-01-17T12:00,America/New_York,3.98,162.0,2.764740314426809,3.785204934854711,-1.2298876376122918
Stanley G. McKie Field at Joseph P. Hayden Jr. Park,Miami (Ohio),39.513364,-84.732213,45.9,2026-01-17T12:00,America/New_York,7.65,263.0,6.101517055512998,0.9323004770493784,7.592978060056113
Ralph McKinzie Field,Northern Illinois,41.9346,-88.779909,179.0,2026-01-17T12:00,America/Chicago,6.61,252.0,-1.9325769682172904,2.0426023328184026,6.286483572710965
Bob Wren Stadium,Ohio,39.32467,-82.108275,70.7,2026-01-17T12:00,America/New_York,6.74,229.0,6.262353532139539,4.421837855396019,5.0867425707014835
Scott Park Baseball Complex,Toledo,41.641389,-83.594159,46.1,2026-01-17T12:00,America/New_York,6.74,255.0,5.90063091198012,1.7444403639909898,6.51034006918832
Hyames Field,Western Michigan,42.285043,-85.602659,24.7,2026-01-17T12:00,America/Detroit,6.7,232.0,5.953735458788158,4.124931884681911,5.279672049165038
E. S. Rose Park,Belmont,36.143193,-86.782337,51.0,2026-01-17T12:00,America/Chicago,5.49,260.0,4.801662192195283,0.953328495391448,5.4065945640370225
Dozer Park,Bradley,40.687682,-89.597449,50.0,2026-01-17T12:00,America/Chicago,6.81,267.0,5.438707823422065,0.3564078620144484,6.800667131678647
German American Bank Field at Charles H. Braun Stadium,Evansville,37.976177,-87.533049,46.0,2026-01-17T12:00,America/Chicago,1.94,282.0,1.0848342327332492,-0.4033486801864531,1.897606345423583
Duffy Bass Field,Illinois State,40.515212,-88.999139,133.3,2026-01-17T12:00,America/Chicago,7.57,262.0,4.7330869084612885,1.0535403742676956,7.496329280373688
Bob Warn Field at Sycamore Stadium,Indiana State,39.479124,-87.415754,44.0,2026-01-17T12:00,America/Indiana/Indianapolis,5.94,263.0,4.616247011054407,0.7239038998265761,5.895724140749453
Reagan Field,Murray State,36.623264,-88.317303,41.0,2026-01-17T12:00,America/Chicago,7.56,250.0,6.612124985973832,2.5856722835420562,7.104076213141466
Itchy Jones Stadium,Southern Illinois,37.704406,-89.220793,135.5,2026-01-17T12:00,America/Chicago,4.19,310.0,4.17071007115848,-2.6932800845866,3.209726216668518
Les Miller Field at Curtis Granderson Stadium,UIC,41.865531,-87.6487,43.7,2026-01-17T12:00,America/Chicago,7.03,246.0,6.504224320252049,2.8593586008228757,6.4222245672274845
Emory G. Bauer Field,Valparaiso,41.460938,-87.032401,20.1,2026-01-17T12:00,America/Chicago,8.19,242.0,6.095911563633153,3.844972099216446,7.231340785514611
Erdle Field,Air Force,39.016113,-104.88749,46.3,2026-01-17T12:00,America/Denver,10.93,351.0,-6.222225191099126,-10.795433562704854,1.7098287028897245
Pete Beiden Field at Bob Bennett Stadium,Fresno State,36.813288,-119.755424,134.2,2026-01-17T12:00,America/Los_Angeles,0.5,180.0,-0.34858255142728223,0.5,0.0
Brazell Field at GCU Ballpark,Grand Canyon,33.512619,-112.133579,313.0,2026-01-17T12:00,America/Phoenix,0.95,342.0,-0.830888721782426,-0.9035036904803958,0.2935661446562001
William Peccole Park,Nevada,39.547991,-119.812673,162.0,2026-01-17T12:00,America/Los_Angeles,1.55,195.0,-1.2999393803154071,1.4971850307480559,0.40116951990890715
Santa Ana Star Field,New Mexico,35.06521,-106.632304,47.0,2026-01-17T12:00,America/Denver,5.35,352.0,-3.068633934478097,-5.2979341677674014,0.7445760901363494
Tony Gwynn Stadium,San Diego State,32.774675,-117.077949,47.0,2026-01-17T12:00,America/Los_Angeles,1.33,257.0,1.1518137870333034,0.29918490227734035,1.295912186164363
Excite Ballpark,San Jose State,37.320119,-121.862432,195.0,2026-01-17T12:00,America/Los_Angeles,0.7,360.0,0.6761480784023478,-0.7,8.572527594031472e-17
Earl Wilson Stadium,UNLV,36.111786,-115.147338,43.0,2026-01-17T12:00,America/Los_Angeles,3.14,37.0,-3.1227987514563784,-2.5077155015484998,-1.889699172697432
Bailey–Brayton Field,Washington State,46.735223,-117.155251,4.7,2026-01-17T12:00,America/Los_Angeles,0.76,203.0,0.721563363007847,0.6995836886238547,0.29695565765184806
CCSU Baseball Field,Central Connecticut,41.696656,-72.759549,25.0,2026-01-17T12:00,America/New_York,4.8,182.0,4.418423296571714,4.79707596969166,0.16751758417200466
Joe Cannon Stadium,Coppin State,39.154012,-76.715355,17.7,2026-01-17T12:00,America/New_York,5.49,213.0,5.295420227333311,4.604301418020378,2.990068302232499
Soldier Field,Delaware State,39.184396,-75.545819,152.5,2026-01-17T12:00,America/New_York,5.66,212.0,-2.872667134357586,4.799952224245371,2.99934303555994
Naimoli Family Baseball Complex,Fairleigh Dickinson,40.901749,-74.027795,14.0,2026-01-17T12:00,America/New_York,2.55,169.0,2.3110848569434577,2.503149317791543,-0.48656293821018887
Dick Rockwell Field,Le Moyne,43.05092,-76.088268,329.0,2026-01-17T12:00,America/New_York,3.35,197.0,2.2415875313021743,3.2036209324761686,0.9794452108211682
Frank Vieira Field,New Haven,41.29612,-72.965796,118.0,2026-01-17T12:00,America/New_York,4.14,188.0,-1.4159633933682694,4.099709804590101,0.5761766379746709
LIU Baseball Stadium,LIU,40.813905,-73.590134,17.0,2026-01-17T12:00,America/New_York,4.05,196.0,4.049383165383384,3.8931098685501913,1.1163312910588465
Hawk Stadium,Maryland Eastern Shore,38.212013,-75.685677,354.0,2026-01-17T12:00,America/New_York,7.13,214.0,5.461896879438314,5.911037892317448,3.987045401746425
Mercyhurst Baseball Field,Mercyhurst,42.101995,-80.054868,290.0,2026-01-17T12:00,America/New_York,6.45,210.0,-1.1200307459516987,5.58586385440963,3.2249999999999996
Marty L. Miller Field,Norfolk State,36.84671,-76.263589,300.0,2026-01-17T12:00,America/New_York,6.86,217.0,-0.8360236957593107,5.478639598924429,4.128451058823051
Lou Gorman Field,Stonehill,42.058758,-71.08348,20.0,2026-01-17T12:00,America/New_York,5.9,191.0,5.827361209511313,5.791600382341218,1.1257730727216144
SIUH Community Park,Wagner,40.645829,-74.076169,31.0,2026-01-17T12:00,America/New_York,4.03,166.0,2.8496403281817866,3.910291776892266,-0.9749452392666615
Coaches Stadium at Monier Field,Eastern Illinois,39.47796,-88.180772,180.0,2026-01-17T12:00,America/Chicago,7.03,265.0,-0.6127048715160358,0.6127048715160367,7.003248727584971
Lou Brock Sports Complex,Lindenwood,38.786259,-90.506706,186.0,2026-01-17T12:00,America/Chicago,6.24,286.0,1.083564628641644,-1.7199771002980742,5.99827298265511
Gary Hogan Field,Little Rock,34.729473,-92.329813,49.0,2026-01-17T12:00,America/Chicago,5.09,313.0,0.532049878032357,-3.4713716527181164,3.722590341241578
Allen Field,Morehead State,38.19335,-83.425676,35.0,2026-01-17T12:00,America/New_York,4.96,242.0,4.419392359974305,2.328578951418019,4.379420060580277
Roy E. Lee Field at Simmons Baseball Complex,SIU Edwardsville,38.798991,-90.017904,44.6,2026-01-17T12:00,America/Chicago,8.71,279.0,5.070291070069992,-1.3625441905004105,8.602765446583652
Capaha Field,Southeast Missouri State,37.313659,-89.537031,324.0,2026-01-17T12:00,America/Chicago,7.43,287.0,-5.933861839651387,-2.1723217660899334,7.105344336805354
USI Baseball Field,Southern Indiana,37.958826,-87.671597,169.0,2026-01-17T12:00,America/Chicago,2.62,310.0,2.036122419017264,-1.6841035373787332,2.0070364409717225
Bush Stadium at Averitt Express Baseball Complex,Tennessee Tech,36.177823,-85.513931,322.0,2026-01-17T12:00,America/Chicago,4.26,261.0,-2.0652889822493954,0.6664108210713837,4.207552330935287
Skyhawk Baseball Field,UT Martin,36.342509,-88.871366,316.0,2026-01-17T12:00,America/Chicago,8.71,267.0,-5.714274142507321,0.455846178876042,8.698063247712339
Alfred D. Boyer Stadium,Western Illinois,40.473362,-90.686111,47.0,2026-01-17T12:00,America/Chicago,7.59,283.0,4.244274137342968,-1.7073785024699355,7.395468791719935
Johnson Stadium at Doubleday Field,Army,41.392413,-73.954787,172.0,2026-01-17T12:00,America/New_York,5.02,167.0,-5.000897384420562,4.89133772522188,-1.129254292806204
Eugene B. Depew Field,Bucknell,40.952406,-76.891539,10.0,2026-01-17T12:00,America/New_York,3.71,207.0,3.547890644622862,3.305634204738845,1.6843047540337184
Hanover Insurance Park at Fitton Field,Holy Cross,42.241015,-71.811293,346.0,2026-01-17T12:00,America/New_York,4.75,202.0,3.8428307232810006,4.40412330919224,1.779381318725582
Kamine Stadium,Lafayette,40.738137,-75.238131,22.0,2026-01-17T12:00,America/New_York,4.38,207.0,4.363332777641846,3.9026085759450515,1.9884783888592148
J. David Walker Field at Legacy Park,Lehigh,40.583067,-75.358324,312.0,2026-01-17T12:00,America/New_York,5.19,208.0,1.2555746381622725,4.582498006937832,2.4365574108587733
Terwilliger Brothers Field at Max Bishop Stadium,Navy,38.987006,-76.494778,39.0,2026-01-17T12:00,America/New_York,5.24,215.0,5.227235623361479,4.292356712074318,3.0055405264794812
Sewell–Thomas Stadium,Alabama,33.204592,-87.538461,162.0,2026-01-17T12:00,America/Chicago,5.1,271.0,1.6603975877314991,-0.08900727283014573,5.099223245297595
Baum–Walker Stadium,Arkansas,36.04975,-94.182111,138.0,2026-01-17T12:00,America/Chicago,7.57,278.0,5.798956434410664,-1.0535403742676948,7.496329280373688
Samford Stadium – Hitchcock Field at Plainsman Park,Auburn,32.599473,-85.489429,138.0,2026-01-17T12:00,America/Chicago,4.6,272.0,3.1954285041113883,-0.16053768483150438,4.59719780428784
Condron Ballpark,Florida,29.636785,-82.363216,44.6,2026-01-17T12:00,America/New_York,3.77,148.0,0.8736895961729728,3.1971413225097254,-1.997795626159183
Foley Field,Georgia,33.940756,-83.380024,108.0,2026-01-17T12:00,America/New_York,4.38,235.0,2.635949801405972,2.5122647912175817,3.587885953985784
Kentucky Proud Park,Kentucky,38.018045,-84.502213,100.5,2026-01-17T12:00,America/New_York,4.9,253.0,4.346353082573287,1.4326213531414103,4.685893304218874
"Alex Box Stadium, Skip Bertman Field",LSU,30.406735,-91.187388,26.0,2026-01-17T12:00,America/Chicago,4.06,10.0,-3.902722485509574,-3.9983194772295643,-0.7050116013277377
Swayze Field,Ole Miss,34.362405,-89.528681,44.0,2026-01-17T12:00,America/Chicago,6.62,299.0,1.7133820785786877,-3.209439686030751,5.789982461262801
"Dudy Noble Field, Polk–DeMent Stadium",Mississippi State,33.463138,-88.793861,45.7,2026-01-17T12:00,America/Chicago,4.83,294.0,1.785876837632595,-1.9645379860561154,4.412424560413762
Taylor Stadium,Missouri,38.93598,-92.337942,44.8,2026-01-17T12:00,America/Chicago,7.16,297.0,2.1887783835358365,-3.250571978135155,6.379606713188714
L. Dale Mitchell Baseball Park,Oklahoma,35.191028,-97.445827,44.0,2026-01-17T12:00,America/Chicago,9.48,313.0,0.16544881302544828,-6.465344453392484,6.933233091349737
Founders Park,South Carolina,33.986689,-81.042586,20.1,2026-01-17T12:00,America/New_York,5.38,215.0,5.199103306748752,4.407037998274776,3.0858412275686278
Lindsey Nelson Stadium,Tennessee,35.948675,-83.929455,184.0,2026-01-17T12:00,America/New_York,4.92,232.0,-3.2921225832855825,3.0290544586022388,3.877012907745072
UFCU Disch–Falk Field,Texas,30.28016,-97.726017,34.0,2026-01-17T12:00,America/Chicago,5.46,26.0,-5.406863655328974,-4.907415492793452,-2.393506461468363
Olsen Field at Blue Bell Park,Texas A&M,30.606216,-96.341319,6.0,2026-01-17T12:00,America/Chicago,6.53,11.0,-6.5051513785390975,-6.410025507913246,-1.245982739808837
Hawkins Field,Vanderbilt,36.143442,-86.807226,63.0,2026-01-17T12:00,America/Chicago,5.51,258.0,5.322251302852766,1.1455934164058545,5.389593280043268
Joseph P. Riley Jr. Park,The Citadel,32.790129,-79.961418,191.0,2026-01-17T12:00,America/New_York,5.7,202.0,-5.595274945651685,5.284947971030689,2.1352575824706985
Thomas Stadium,East Tennessee State,36.309899,-82.363467,117.9,2026-01-17T12:00,America/New_York,4.88,247.0,3.077697940264676,1.9067679070276558,4.492063684847909
OrthoGeorgia Park,Mercer,32.82778,-83.653556,188.0,2026-01-17T12:00,America/New_York,4.3,198.0,-4.234673337952494,4.08954302006916,1.3287730758122738
Joe Lee Griffin Stadium,Samford,33.462742,-86.796824,205.0,2026-01-17T12:00,America/Chicago,5.16,261.0,-2.8854353819090535,0.8072018396075916,5.096471837470911
UNCG Baseball Stadium,UNC Greensboro,36.067811,-79.813177,46.0,2026-01-17T12:00,America/New_York,6.52,229.0,6.5110645665998215,4.277504869018107,4.920706463052473
Hennon Stadium,Western Carolina,35.30052,-83.18067,151.0,2026-01-17T12:00,America/New_York,3.06,259.0,0.9455920027873392,0.5838755258522275,3.003779181349852
Gray–Minor Stadium,VMI,37.792836,-79.440042,8.0,2026-01-17T12:00,America/New_York,5.96,247.0,3.069626926463923,2.3287575257960715,5.486208926576545
Russell C. King Field,Wofford,34.958848,-81.930592,115.0,2026-01-17T12:00,America/New_York,4.64,233.0,2.178348051326533,2.7924217074255044,3.7056687666194383
Husky Field,Houston Christian,29.692495,-95.513295,357.0,2026-01-17T12:00,America/Chicago,6.04,12.0,-5.83419199078597,-5.908011508432185,-1.2557866125392674
Daniel Sullivan Field,Incarnate Word,29.469233,-98.470767,359.0,2026-01-17T12:00,America/Chicago,5.86,37.0,-4.617743016135392,-4.680004088877136,-3.526636035671004
Vincent–Beck Stadium,Lamar,30.034473,-94.074712,148.0,2026-01-17T12:00,America/Chicago,5.31,357.0,4.644230644910191,-5.302722829546787,0.2779039276500316
Joe Miller Ballpark,McNeese,30.173413,-93.212819,45.0,2026-01-17T12:00,America/Chicago,5.21,357.0,-3.486170459129651,-5.202859876071329,0.2726703320257372
Maestri Field at Privateer Park,New Orleans,30.030644,-90.046959,40.0,2026-01-17T12:00,America/Chicago,7.41,2.0,-5.83915968422581,-7.4054860282115,-0.2586052705655317
Ben Meyer Diamond at Ray E. Didier Field,Nicholls,29.785579,-90.80208,161.0,2026-01-17T12:00,America/Chicago,5.41,357.0,5.200425775026305,-5.402585783022245,0.283137523274326
H. Alvin Brown–C. C. Stroud Field,Northwestern State,31.746697,-93.093518,138.0,2026-01-17T12:00,America/Chicago,3.61,341.0,3.3230225209633093,-3.4133220579135335,1.1753010375903352
Pat Kenelly Diamond at Alumni Field,Southeastern Louisiana,30.510029,-90.470282,28.0,2026-01-17T12:00,America/Chicago,4.57,350.0,-3.60120914398272,-4.500571431265791,0.7935721719378714
Jaycees Field,Stephen F. Austin,31.63412,-94.681629,157.0,2026-01-17T12:00,America/Chicago,6.65,348.0,6.527820769926966,-6.5046815448798085,1.3826127439380995
Chapman Field,Texas A&M–Corpus Christi,27.709798,-97.324847,251.0,2026-01-17T12:00,America/Chicago,7.69,32.0,5.976252443604105,-6.521489859442917,-4.075079141953345
UTRGV Baseball Stadium,UTRGV,26.312682,-98.175306,53.0,2026-01-17T12:00,America/Chicago,4.96,19.0,-4.112026359873007,-4.689772134972611,-1.6148180461074975
Bulldog Field,Alabama A&M,34.780219,-86.578357,154.0,2026-01-17T12:00,America/Chicago,6.21,255.0,1.1849238612883428,1.6072662700866538,5.998399381255115
Wheeler–Watkins Baseball Complex,Alabama State,32.350737,-86.172085,78.0,2026-01-17T12:00,America/Chicago,5.41,274.0,5.2004257750263045,-0.37738252295571806,5.396821511905649
Foster Baseball Field at McGowan Stadium,Alcorn State,31.875014,-91.137047,146.0,2026-01-17T12:00,America/Chicago,3.62,354.0,3.196270286149316,-3.6001692612331495,0.37839303702890653
Torii Hunter Baseball Complex,Arkansas–Pine Bluff,34.25486,-92.016686,43.0,2026-01-17T12:00,America/Chicago,5.8,328.0,-1.5011504615946205,-4.918678957707271,3.0735317325525884
Jackie Robinson Ballpark,Bethune–Cookman,29.210019,-81.016116,354.0,2026-01-17T12:00,America/New_York,0.67,297.0,-0.3649081534600681,-0.30417363482549636,0.5969743712062066
Moore–Kittles Field,Florida A&M,30.419321,-84.290884,43.0,2026-01-17T12:00,America/New_York,5.32,175.0,3.5597748258291255,5.299755793848086,-0.46366855141754226
Wilbert Ellis Field at Ralph Waldo Emerson Jones Park,Grambling,32.525456,-92.709258,49.0,2026-01-17T12:00,America/Chicago,5.77,332.0,-1.2979675835641011,-5.094607610796008,2.708850917274589
Braddy Field,Jackson State,32.296868,-90.200763,45.5,2026-01-17T12:00,America/Chicago,3.35,333.0,-1.0073644283393146,-2.9848718560310323,1.520868174127482
Magnolia Field,Mississippi Valley State,33.510621,-90.344988,349.0,2026-01-17T12:00,America/Chicago,6.66,324.0,-6.036009861664088,-5.388053182537149,3.914649780267872
John W. Tankersley Field,Prairie View A&M,30.090478,-95.996187,325.0,2026-01-17T12:00,America/Chicago,7.98,8.0,-5.836202538920978,-7.902339188557731,-1.1106013456613228
Lee–Hines Stadium,Southern,30.521218,-91.183413,50.0,2026-01-17T12:00,America/Chicago,4.02,6.0,-2.891745997361377,-3.9979780193804584,-0.420204422335967
MacGregor Park,Texas Southern,29.70853,-95.3412,42.0,2026-01-17T12:00,America/Chicago,5.87,14.0,-5.182902370081901,-5.6956359132401,-1.4200815271700482
Newman Outdoor Field,North Dakota State,46.898667,-96.803683,54.0,2026-01-17T12:00,America/Chicago,7.2,335.0,-1.373824766711122,-6.52541606666388,3.0428514845330366
Jackson Field,Northern Colorado,40.409338,-104.686374,35.0,2026-01-17T12:00,America/Denver,8.96,354.0,-6.762197838796036,-8.91091618249973,0.9365750308781775
Tal Anderson Field,Omaha,41.234707,-96.017912,29.0,2026-01-17T12:00,America/Chicago,8.1,333.0,-4.529462518113047,-7.217152845925779,3.6773230478903294
J. L. Johnson Stadium,Oral Roberts,36.049396,-95.948041,134.0,2026-01-17T12:00,America/Chicago,7.0,307.0,6.947823061489254,-4.2127051620643385,5.590448570331049
Koch Diamond,St. Thomas,44.94568,-93.191717,315.0,2026-01-17T12:00,America/Chicago,6.38,325.0,-6.283073464217886,-5.226190042563768,3.659417663919673
Erv Huether Field,South Dakota State,44.322577,-96.77701,45.0,2026-01-17T12:00,America/Chicago,8.43,326.0,-1.6085198310242723,-6.988786736639001,4.713996176258396
Beaver Field at Jim and Bettie Smith Stadium,Appalachian State,36.211125,-81.69276,159.0,2026-01-17T12:00,America/New_York,3.9,271.0,1.4609657143220565,-0.06806438510540556,3.899406011109926
Tomlinson Stadium–Kell Field,Arkansas State,35.841791,-90.668808,202.0,2026-01-17T12:00,America/Chicago,7.24,303.0,1.381457126526185,-3.943186613508796,6.071974911924871
Springs Brooks Stadium,Coastal Carolina,33.793201,-79.014719,123.0,2026-01-17T12:00,America/New_York,4.66,215.0,0.16263165463365456,3.817248526386702,2.672866193395875
J. I. Clements Stadium,Georgia Southern,32.429738,-81.780943,33.0,2026-01-17T12:00,America/New_York,4.74,224.0,4.652912849541927,3.4096706536052066,3.2926806759756473
Georgia State Baseball Complex,Georgia State,33.687519,-84.279102,138.0,2026-01-17T12:00,America/New_York,4.29,242.0,1.0378449321225747,2.014033004351472,3.787845173364796
Eagle Field at Veterans Memorial Park,James Madison,38.447106,-78.876389,74.0,2026-01-17T12:00,America/New_York,5.73,227.0,5.105467383599348,3.9078506031581166,4.190656710277847
M. L. Tigue Moore Field at Russo Park,Louisiana,30.21295,-92.04165,189.0,2026-01-17T12:00,America/Chicago,5.95,8.0,5.949093786180527,-5.892095009012343,-0.8280799507123898
Lou St. Amant Field,Louisiana–Monroe,32.53239,-92.063398,58.0,2026-01-17T12:00,America/Chicago,5.44,328.0,3.019806626980426e-16,-4.613381643090958,2.882760797428635
Jack Cook Field,Marshall,38.428306,-82.419776,25.0,2026-01-17T12:00,America/New_York,6.06,232.0,5.3994995365815095,3.730908540473489,4.775345166856735
Bud Metheny Ballpark,Old Dominion,36.883977,-76.308905,53.0,2026-01-17T12:00,America/New_York,7.05,215.0,6.704948439880833,5.775021912237392,4.043713876274874
Eddie Stanky Field,South Alabama,30.691714,-88.184253,35.0,2026-01-17T12:00,America/Chicago,5.5,1.0,-4.559706649052729,-5.499162323360152,-0.09598823540506
Pete Taylor Park,Southern Miss,31.333683,-89.337903,47.0,2026-01-17T12:00,America/Chicago,3.94,324.0,-0.48016521301628023,-3.1875269578372927,2.3158738940323444
Bobcat Ballpark,Texas State,29.888173,-97.928234,0.7,2026-01-17T12:00,America/Chicago,7.2,27.0,-6.454702298760772,-6.415246974156249,-3.268731598124736
Riddle–Pace Field,Troy,31.798234,-85.953014,155.0,2026-01-17T12:00,America/Chicago,3.85,298.0,3.0747467136820785,-1.8074655167256801,3.3993482325068687
Washington Trust Field and Patterson Baseball Complex,Gonzaga,47.662571,-117.39884,135.0,2026-01-17T12:00,America/Los_Angeles,0.51,349.0,0.4228091620030713,-0.5006298635583086,0.09731258764203794
George C. Page Stadium,Loyola Marymount,33.966595,-118.41432,134.0,2026-01-17T12:00,America/Los_Angeles,1.22,261.0,0.7342143282454987,0.19085004734908173,1.204979775526068
Klein Family Field,Pacific,37.975152,-121.315543,154.0,2026-01-17T12:00,America/Los_Angeles,0.99,135.0,-0.9360633898433236,0.7000357133746818,-0.7000357133746822
Eddy D. Field Stadium,Pepperdine,34.039957,-118.711081,193.0,2026-01-17T12:00,America/Los_Angeles,2.5,53.0,1.915111107797445,-1.5045375578801208,-1.996588775118232
Joe Etzel Field,Portland,45.573651,-122.729296,164.0,2026-01-17T12:00,America/Los_Angeles,3.51,110.0,-2.0631262355465814,1.200490703073098,-3.298321098958538
Louis Guisto Field,Saint Mary's,37.842266,-122.111807,352.0,2026-01-17T12:00,America/Los_Angeles,4.31,46.0,-2.533354437380557,-2.9939775766782777,-3.100354539459586
Fowler Park and Cunningham Field,San Diego,32.775879,-117.183256,37.0,2026-01-17T12:00,America/Los_Angeles,0.63,288.0,0.2051079373080088,-0.19468070645621682,0.5991656052659468
Dante Benedetti Diamond at Max Ulrich Field,San Francisco,37.776881,-122.447482,123.0,2026-01-17T12:00,America/Los_Angeles,5.48,21.0,1.1393560656813206,-5.116020737204666,-1.9638563635082464
Stephen Schott Stadium,Santa Clara,37.348184,-121.93131,149.0,2026-01-17T12:00,America/Los_Angeles,0.81,7.0,0.6382887104214449,-0.803962382829471,-0.09871416815816933
Bannerwood Park,Seattle,47.596161,-122.162247,45.0,2026-01-17T12:00,America/Los_Angeles,1.21,66.0,-1.1296323160616142,-0.49215133812171813,-1.1053900037475473
Crutcher Scott Field,Abilene Christian,32.472878,-99.706798,133.0,2026-01-17T12:00,America/Chicago,5.26,14.0,2.5500986024957326,-5.103755520211741,-1.272509170854251
James W. Totman Stadium,California Baptist,33.925419,-117.427757,100.8,2026-01-17T12:00,America/Los_Angeles,4.61,27.0,-1.2861489988408463,-4.107540076508377,-2.09289620379931
John Smith Field,Sacramento State,38.559013,-121.426205,13.0,2026-01-17T12:00,America/Los_Angeles,0.61,189.0,0.6085140706584928,0.602489887763034,0.09542502367454082
Cecil Ballow Baseball Complex,Tarleton,32.211853,-98.219897,14.0,2026-01-17T12:00,America/Chicago,5.25,8.0,-5.221239950683435,-5.1989073608932435,-0.730658780040344
Bruce Hurst Field,Utah Tech[60],37.098558,-113.564973,133.0,2026-01-17T12:00,America/Denver,2.79,255.0,1.4784747472106423,0.7221051358360329,2.6949330553465005
UCCU Ballpark,Utah Valley,40.276439,-111.7167,134.0,2026-01-17T12:00,America/Denver,1.7,267.0,1.159397212106247,0.08897112561300474,1.6976702090827755
Clay Gould Ballpark,UT Arlington,32.721847,-97.131025,216.0,2026-01-17T12:00,America/Chicago,4.61,336.0,2.3049999999999993,-4.2114445597323895,1.87505592457944
